data_dados,data,confirmados,confirmados_arsnorte,confirmados_arscentro,confirmados_arslvt,confirmados_arsalentejo,confirmados_arsalgarve,confirmados_acores,confirmados_madeira,confirmados_estrangeiro,confirmados_novos,recuperados,obitos,internados,internados_uci,lab,suspeitos,vigilancia,n_confirmados,cadeias_transmissao,transmissao_importada,confirmados_0_9_f,confirmados_0_9_m,confirmados_10_19_f,confirmados_10_19_m,confirmados_20_29_f,confirmados_20_29_m,confirmados_30_39_f,confirmados_30_39_m,confirmados_40_49_f,confirmados_40_49_m,confirmados_50_59_f,confirmados_50_59_m,confirmados_60_69_f,confirmados_60_69_m,confirmados_70_79_f,confirmados_70_79_m,confirmados_80_plus_f,confirmados_80_plus_m,sintomas_tosse,sintomas_febre,sintomas_dificuldade_respiratoria,sintomas_cefaleia,sintomas_dores_musculares,sintomas_fraqueza_generalizada,confirmados_f,confirmados_m,obitos_arsnorte,obitos_arscentro,obitos_arslvt,obitos_arsalentejo,obitos_arsalgarve,obitos_acores,obitos_madeira,obitos_estrangeiro,recuperados_arsnorte,recuperados_arscentro,recuperados_arslvt,recuperados_arsalentejo,recuperados_arsalgarve,recuperados_acores,recuperados_madeira,recuperados_estrangeiro,obitos_0_9_f,obitos_0_9_m,obitos_10_19_f,obitos_10_19_m,obitos_20_29_f,obitos_20_29_m,obitos_30_39_f,obitos_30_39_m,obitos_40_49_f,obitos_40_49_m,obitos_50_59_f,obitos_50_59_m,obitos_60_69_f,obitos_60_69_m,obitos_70_79_f,obitos_70_79_m,obitos_80_plus_f,obitos_80_plus_m,obitos_f,obitos_m,activos,obitos_novos,recuperados_novos,suspeitos_novos,internados_novos,internados_uci_novos,activos_novos,lab_novos
2020-02-26 00:00:00,2020-02-26,0,0,0,0,0,0,0,0,,0,0,0,,,,25,,,,,,,,,,,,,,,,,,,,,,,,,,,,,,,0,0,0,0,0,0,0,0.0,,,,,,,,,,,,,,,,,,,,,,,,,,,,,0,,,,,,,
2020-02-27 00:00:00,2020-02-27,0,0,0,0,0,0,0,0,,0,0,0,,,,51,,,,,,,,,,,,,,,,,,,,,,,,,,,,,,,0,0,0,0,0,0,0,0.0,,,,,,,,,,,,,,,,,,,,,,,,,,,,,0,0.0,0.0,26.0,,,0.0,
2020-02-28 00:00:00,2020-02-28,0,0,0,0,0,0,0,0,,0,0,0,,,,59,,,,,,,,,,,,,,,,,,,,,,,,,,,,,,,0,0,0,0,0,0,0,0.0,,,,,,,,,,,,,,,,,,,,,,,,,,,,,0,0.0,0.0,8.0,,,0.0,
2020-02-29 00:00:00,2020-02-29,0,0,0,0,0,0,0,0,,0,0,0,,,,70,,,,,,,,,,,,,,,,,,,,,,,,,,,,,,,0,0,0,0,0,0,0,0.0,,,,,,,,,,,,,,,,,,,,,,,,,,,,,0,0.0,0.0,11.0,,,0.0,
2020-03-01 00:00:00,2020-03-01,0,0,0,0,0,0,0,0,,0,0,0,,,,85,,,,,,,,,,,,,,,,,,,,,,,,,,,,,,,0,0,0,0,0,0,0,0.0,,,,,,,,,,,,,,,,,,,,,,,,,,,,,0,0.0,0.0,15.0,,,0.0,
2020-03-02 00:00:00,2020-03-02,2,2,0,0,0,0,0,0,,2,0,0,,,,85,,,,,,,,,,,,,,,,,,,,,,,,,,,,,,,0,0,0,0,0,0,0,0.0,,,,,,,,,,,,,,,,,,,,,,,,,,,,,2,0.0,0.0,0.0,,,2.0,
2020-03-03 16:00:00,2020-03-03,4,2,1,1,0,0,0,0,,2,0,0,,,,101,,,,2.0,0.0,0.0,0.0,0.0,0.0,0.0,0.0,2.0,0.0,1.0,0.0,0.0,0.0,1.0,0.0,0.0,0.0,0.0,0.5,0.5,,0.25,0.5,0.25,,,0,0,0,0,0,0,0,0.0,,,,,,,,,,,,,,,,,,,,,,,,,,,,,4,0.0,0.0,16.0,,,2.0,
2020-03-04 17:00:00,2020-03-04,6,3,1,2,0,0,0,0,,2,0,0,,,,117,81.0,,,4.0,0.0,0.0,0.0,0.0,0.0,0.0,0.0,2.0,1.0,2.0,0.0,0.0,0.0,1.0,0.0,0.0,0.0,0.0,0.5,0.83,,0.5,0.5,0.17,,,0,0,0,0,0,0,0,0.0,,,,,,,,,,,,,,,,,,,,,,,,,,,,,6,0.0,0.0,16.0,,,2.0,
2020-03-05 17:00:00,2020-03-05,9,5,1,3,0,0,0,0,,3,0,0,9.0,,,147,213.0,,,5.0,0.0,0.0,0.0,0.0,0.0,0.0,0.0,2.0,1.0,3.0,0.0,1.0,0.0,2.0,0.0,0.0,0.0,0.0,0.67,0.89,0.11,0.33,0.56,0.33,,,0,0,0,0,0,0,0,0.0,,,,,,,,,,,,,,,,,,,,,,,,,,,,,9,0.0,0.0,30.0,,,3.0,
2020-03-06 17:00:00,2020-03-06,13,8,1,4,0,0,0,0,,4,0,0,13.0,,30.0,181,354.0,,5.0,5.0,0.0,0.0,0.0,0.0,0.0,0.0,0.0,2.0,1.0,5.0,0.0,2.0,0.0,2.0,1.0,0.0,0.0,0.0,0.62,0.85,0.15,0.23,0.46,0.31,,,0,0,0,0,0,0,0,0.0,,,,,,,,,,,,,,,,,,,,,,,,,,,,,13,0.0,0.0,34.0,4.0,,4.0,
2020-03-07 17:00:00,2020-03-07,21,15,1,5,0,0,0,0,,8,0,0,21.0,,47.0,224,412.0,,5.0,5.0,0.0,0.0,1.0,2.0,0.0,1.0,1.0,2.0,2.0,6.0,0.0,2.0,1.0,2.0,1.0,0.0,0.0,0.0,0.71,0.62,0.14,0.43,0.48,0.43,,,0,0,0,0,0,0,0,0.0,,,,,,,,,,,,,,,,,,,,,,,,,,,,,21,0.0,0.0,43.0,8.0,,8.0,17.0
2020-03-08 17:30:00,2020-03-08,30,22,1,6,0,1,0,0,,9,0,0,30.0,,56.0,281,447.0,,4.0,6.0,0.0,0.0,3.0,2.0,1.0,1.0,1.0,3.0,4.0,6.0,0.0,3.0,1.0,3.0,2.0,0.0,0.0,0.0,0.77,0.6,0.17,0.47,0.57,0.47,,,0,0,0,0,0,0,0,0.0,,,,,,,,,,,,,,,,,,,,,,,,,,,,,30,0.0,0.0,57.0,9.0,,9.0,9.0
2020-03-09 18:45:00,2020-03-09,39,27,1,9,0,2,0,0,,9,0,0,38.0,,67.0,339,496.0,,6.0,7.0,0.0,0.0,3.0,3.0,1.0,1.0,2.0,4.0,7.0,7.0,1.0,3.0,1.0,3.0,3.0,0.0,0.0,0.0,0.69,0.54,0.13,0.46,0.49,0.38,,,0,0,0,0,0,0,0,0.0,,,,,,,,,,,,,,,,,,,,,,,,,,,,,39,0.0,0.0,58.0,8.0,,9.0,11.0
2020-03-10 10:00:00,2020-03-10,41,27,2,10,0,2,0,0,,2,0,0,40.0,,83.0,375,667.0,,6.0,8.0,0.0,0.0,3.0,3.0,1.0,1.0,2.0,4.0,7.0,7.0,1.0,3.0,1.0,5.0,3.0,0.0,0.0,0.0,0.71,0.56,0.15,0.46,0.51,0.41,,,0,0,0,0,0,0,0,0.0,,,,,,,,,,,,,,,,,,,,,,,,,,,,,41,0.0,0.0,36.0,2.0,,2.0,16.0
2020-03-11 00:00:00,2020-03-11,59,36,3,17,0,3,0,0,,18,0,0,57.0,,83.0,471,3066.0,,6.0,12.0,0.0,1.0,6.0,5.0,1.0,3.0,5.0,4.0,9.0,7.0,1.0,4.0,1.0,5.0,3.0,2.0,0.0,2.0,0.66,0.47,0.1,0.42,0.46,0.31,,,0,0,0,0,0,0,0,0.0,,,,,,,,,,,,,,,,,,,,,,,,,,,,,59,0.0,0.0,96.0,17.0,,18.0,0.0
2020-03-12 00:00:00,2020-03-12,78,44,5,23,0,5,0,0,1.0,19,0,0,69.0,,133.0,637,4923.0,,6.0,19.0,0.0,1.0,7.0,5.0,1.0,6.0,6.0,8.0,10.0,11.0,1.0,8.0,1.0,6.0,3.0,2.0,0.0,2.0,0.65,0.46,0.1,0.37,0.4,0.24,,,0,0,0,0,0,0,0,0.0,,,,,,,,,,,,,,,,,,,,,,,,,,,,,78,0.0,0.0,166.0,12.0,,19.0,50.0
2020-03-13 00:00:00,2020-03-13,112,53,6,46,0,6,0,0,1.0,34,0,0,107.0,,172.0,1308,5674.0,,11.0,33.0,0.0,1.0,10.0,5.0,3.0,8.0,9.0,15.0,14.0,14.0,2.0,12.0,3.0,8.0,3.0,3.0,0.0,2.0,0.65,0.48,0.12,0.39,0.37,0.24,,,0,0,0,0,0,0,0,0.0,,,,,,,,,,,,,,,,,,,,,,,,,,,,,112,0.0,0.0,671.0,38.0,,34.0,39.0
2020-03-14 00:00:00,2020-03-14,169,77,8,73,0,7,0,0,4.0,57,1,0,114.0,10.0,126.0,1704,5011.0,,11.0,39.0,0.0,1.0,13.0,6.0,7.0,12.0,17.0,20.0,19.0,22.0,5.0,21.0,3.0,9.0,4.0,7.0,1.0,2.0,0.54,0.39,0.1,0.33,0.34,0.21,,,0,0,0,0,0,0,0,0.0,,,,,,,,,,,,,,,,,,,,,,,,,,,,,168,0.0,1.0,396.0,7.0,,56.0,-46.0
2020-03-15 00:00:00,2020-03-15,245,103,10,116,0,10,1,0,5.0,76,2,0,139.0,9.0,281.0,2271,4592.0,1746.0,14.0,47.0,0.0,1.0,17.0,8.0,12.0,16.0,25.0,30.0,27.0,26.0,16.0,27.0,6.0,12.0,5.0,12.0,3.0,2.0,0.53,0.31,0.09,0.19,0.18,0.13,,,0,0,0,0,0,0,0,0.0,,,,,,,,,,,,,,,,,,,,,,,,,,,,,243,0.0,1.0,567.0,25.0,-1.0,75.0,155.0
2020-03-16 00:00:00,2020-03-16,331,138,31,142,0,13,1,0,5.0,86,3,0,139.0,18.0,374.0,2908,4592.0,2203.0,18.0,47.0,2.0,1.0,17.0,10.0,17.0,21.0,30.0,35.0,32.0,36.0,21.0,31.0,11.0,26.0,10.0,18.0,8.0,4.0,0.53,0.31,0.09,0.19,0.18,0.13,,,0,0,0,0,0,0,0,0.0,,,,,,,,,,,,,,,,,,,,,,,,,,,,,328,0.0,1.0,637.0,0.0,9.0,85.0,93.0
2020-03-17 00:00:00,2020-03-17,448,196,51,180,0,14,1,0,6.0,117,3,1,206.0,17.0,323.0,4030,6852.0,3259.0,19.0,61.0,2.0,1.0,19.0,13.0,21.0,34.0,37.0,51.0,47.0,46.0,32.0,41.0,18.0,34.0,13.0,22.0,12.0,5.0,0.33,0.27,0.1,0.17,0.19,0.14,,,0,0,1,0,0,0,0,0.0,,,,,,,,,,,,,,,,,,,,,,,,,,,,,444,1.0,0.0,1122.0,67.0,-1.0,116.0,-51.0
2020-03-18 00:00:00,2020-03-18,642,289,74,243,2,21,3,1,9.0,194,3,1,89.0,20.0,351.0,5067,6656.0,4074.0,24.0,62.0,13.0,3.0,21.0,15.0,42.0,45.0,55.0,62.0,75.0,63.0,50.0,42.0,49.0,28.0,32.0,17.0,11.0,19.0,0.31,0.24,0.1,0.17,0.17,0.12,,,0,0,1,0,0,0,0,0.0,,,,,,,,,,,,,,,,,,,,,,,,,,,,,638,0.0,0.0,1037.0,-117.0,3.0,194.0,28.0
2020-03-19 00:00:00,2020-03-19,785,381,86,278,2,25,3,1,9.0,143,3,3,89.0,20.0,488.0,6061,8091.0,4788.0,24.0,71.0,14.0,3.0,22.0,17.0,51.0,51.0,75.0,71.0,89.0,78.0,60.0,61.0,35.0,61.0,23.0,36.0,21.0,17.0,0.25,0.2,0.08,0.14,0.14,0.1,390.0,395.0,0,1,2,0,0,0,0,0.0,,,,,,,,,,,,,,,,,,,,,,,,,,,,,779,2.0,0.0,994.0,0.0,0.0,141.0,137.0
2020-03-20 00:00:00,2020-03-20,1020,506,106,361,2,29,3,1,9.0,235,5,6,126.0,26.0,850.0,7732,9008.0,5862.0,24.0,95.0,14.0,4.0,23.0,21.0,65.0,61.0,92.0,95.0,106.0,90.0,90.0,84.0,53.0,79.0,35.0,55.0,27.0,25.0,0.2,0.15,0.06,0.11,0.11,0.08,506.0,514.0,1,2,2,0,1,0,0,0.0,,,,,,,,,,,,,,,,,,,,,,,,,,,,,1009,3.0,2.0,1671.0,37.0,6.0,230.0,362.0
2020-03-21 00:00:00,2020-03-21,1280,644,137,448,3,31,3,5,9.0,260,5,12,156.0,35.0,1059.0,9854,13155.0,7515.0,,104.0,14.0,4.0,27.0,22.0,89.0,68.0,118.0,116.0,133.0,109.0,113.0,101.0,75.0,105.0,42.0,71.0,38.0,35.0,0.1,0.22,0.09,0.14,0.17,0.11,649.0,631.0,4,4,3,0,1,0,0,0.0,,,,,,,,,,,,,,,,,,,,,,,,,,,,,1263,6.0,0.0,2122.0,30.0,9.0,254.0,209.0
2020-03-22 00:00:00,2020-03-22,1600,825,180,534,5,35,4,7,10.0,320,5,14,169.0,41.0,1152.0,11779,12562.0,9027.0,,114.0,17.0,6.0,31.0,26.0,105.0,82.0,148.0,140.0,173.0,141.0,154.0,128.0,91.0,122.0,51.0,90.0,51.0,44.0,0.44,0.36,0.14,0.2,0.24,0.16,821.0,779.0,5,4,4,0,1,0,0,0.0,,,,,,,,,,,,,,,,,,,,,,,,,,,,,1581,2.0,0.0,1925.0,13.0,6.0,318.0,93.0
2020-03-23 00:00:00,2020-03-23,2060,1007,238,737,5,42,11,9,11.0,460,14,23,201.0,47.0,1402.0,13674,11842.0,10212.0,,142.0,18.0,7.0,36.0,30.0,140.0,100.0,181.0,166.0,226.0,178.0,194.0,167.0,127.0,167.0,73.0,107.0,85.0,58.0,0.72,0.6,0.23,0.34,0.42,0.28,1080.0,980.0,9,5,8,0,1,0,0,0.0,3.0,7.0,4.0,0.0,0.0,0.0,0.0,0.0,,,,,,,,,,,,,,,,,,,,,2023,9.0,9.0,1895.0,32.0,6.0,442.0,250.0
2020-03-24 00:00:00,2020-03-24,2362,1130,293,852,6,46,12,12,11.0,302,22,33,203.0,48.0,1783.0,15474,11842.0,11329.0,,142.0,18.0,7.0,35.0,30.0,145.0,133.0,206.0,188.0,224.0,224.0,215.0,208.0,190.0,158.0,106.0,107.0,95.0,73.0,0.7,0.58,0.24,0.34,0.42,0.27,1234.0,1128.0,14,6,12,0,1,0,0,0.0,3.0,8.0,11.0,0.0,0.0,0.0,0.0,0.0,0.0,0.0,0.0,0.0,0.0,0.0,0.0,0.0,0.0,0.0,1.0,2.0,0.0,4.0,0.0,5.0,9.0,12.0,10.0,23.0,2307,10.0,8.0,1800.0,2.0,1.0,284.0,381.0
2020-03-25 00:00:00,2020-03-25,2995,1517,365,992,12,62,17,16,14.0,633,22,43,276.0,61.0,1591.0,21155,13624.0,16569.0,,155.0,21.0,13.0,42.0,35.0,191.0,157.0,260.0,230.0,279.0,272.0,283.0,252.0,226.0,198.0,134.0,142.0,150.0,110.0,0.62,0.51,0.19,0.28,0.36,0.23,1586.0,1409.0,20,10,12,0,1,0,0,0.0,3.0,8.0,11.0,0.0,0.0,0.0,0.0,0.0,0.0,0.0,0.0,0.0,0.0,0.0,0.0,0.0,0.0,0.0,1.0,3.0,0.0,7.0,0.0,7.0,12.0,13.0,13.0,30.0,2930,10.0,0.0,5681.0,73.0,13.0,623.0,-192.0
2020-03-26 00:00:00,2020-03-26,3544,1858,435,1082,20,89,24,15,21.0,549,43,60,191.0,61.0,1995.0,22257,14994.0,16718.0,,330.0,29.0,14.0,51.0,49.0,234.0,166.0,310.0,268.0,367.0,304.0,360.0,277.0,229.0,255.0,133.0,184.0,186.0,128.0,0.53,0.48,0.19,0.63,0.31,0.37,1899.0,1645.0,28,13,18,0,1,0,0,0.0,3.0,8.0,11.0,0.0,0.0,0.0,0.0,0.0,0.0,0.0,0.0,0.0,0.0,0.0,0.0,0.0,0.0,0.0,1.0,3.0,0.0,8.0,1.0,14.0,17.0,16.0,19.0,41.0,3441,17.0,21.0,1102.0,-85.0,0.0,511.0,404.0
2020-03-27 00:00:00,2020-03-27,4268,2443,520,1110,30,99,24,21,21.0,724,43,76,354.0,71.0,3995.0,25431,19816.0,17168.0,,330.0,30.0,19.0,54.0,50.0,254.0,179.0,364.0,307.0,462.0,359.0,429.0,346.0,294.0,319.0,179.0,236.0,222.0,161.0,0.6,0.51,0.19,0.28,0.35,0.24,2288.0,1976.0,33,18,24,0,1,0,0,0.0,16.0,10.0,17.0,0.0,0.0,0.0,0.0,0.0,0.0,0.0,0.0,0.0,0.0,0.0,0.0,0.0,1.0,0.0,1.0,3.0,1.0,9.0,4.0,14.0,20.0,23.0,27.0,49.0,4149,16.0,0.0,3174.0,163.0,10.0,708.0,2000.0
2020-03-28 00:00:00,2020-03-28,5170,3035,647,1287,34,106,30,31,,902,43,100,418.0,89.0,4938.0,32754,19927.0,22646.0,,330.0,34.0,22.0,67.0,56.0,302.0,216.0,439.0,362.0,568.0,434.0,533.0,398.0,359.0,377.0,224.0,286.0,285.0,208.0,0.49,0.41,0.15,0.23,0.28,0.19,2811.0,2359.0,44,28,27,0,1,0,0,,16.0,10.0,17.0,0.0,0.0,0.0,0.0,0.0,0.0,0.0,0.0,0.0,0.0,0.0,0.0,0.0,2.0,0.0,1.0,4.0,1.0,13.0,4.0,17.0,27.0,31.0,35.0,65.0,5027,24.0,0.0,7323.0,64.0,18.0,878.0,943.0
2020-03-29 00:00:00,2020-03-29,5962,3550,709,1478,41,108,33,43,,792,43,119,486.0,138.0,5508.0,38042,17785.0,26572.0,,427.0,40.0,24.0,75.0,63.0,347.0,241.0,495.0,407.0,664.0,482.0,615.0,469.0,412.0,438.0,275.0,336.0,334.0,245.0,0.62,0.52,0.2,0.29,0.35,0.24,3257.0,2705.0,61,28,28,0,2,0,0,,16.0,10.0,17.0,0.0,0.0,0.0,0.0,0.0,0.0,0.0,0.0,0.0,0.0,0.0,0.0,0.0,2.0,0.0,1.0,4.0,1.0,14.0,7.0,20.0,32.0,38.0,43.0,76.0,5800,19.0,0.0,5288.0,68.0,49.0,773.0,570.0
2020-03-30 00:00:00,2020-03-30,6408,3801,784,1577,45,116,41,44,,446,43,140,571.0,164.0,4845.0,44206,11482.0,32953.0,,431.0,41.0,30.0,83.0,66.0,373.0,264.0,529.0,436.0,700.0,510.0,647.0,503.0,443.0,458.0,308.0,360.0,388.0,269.0,0.61,0.51,0.19,0.29,0.35,0.24,3512.0,2896.0,74,34,30,0,2,0,0,,16.0,10.0,17.0,0.0,0.0,0.0,0.0,0.0,0.0,0.0,0.0,0.0,0.0,0.0,0.0,0.0,2.0,0.0,1.0,5.0,1.0,15.0,8.0,23.0,40.0,45.0,52.0,88.0,6225,21.0,0.0,6164.0,85.0,26.0,425.0,-663.0
2020-03-31 00:00:00,2020-03-31,7443,4452,911,1799,50,137,48,46,,1035,43,160,627.0,188.0,4610.0,52086,19260.0,40033.0,,504.0,50.0,44.0,104.0,80.0,437.0,318.0,610.0,505.0,798.0,585.0,773.0,573.0,513.0,515.0,342.0,416.0,462.0,318.0,0.62,0.5,0.19,0.29,0.34,0.24,4089.0,3354.0,83,40,35,0,2,0,0,,16.0,10.0,17.0,0.0,0.0,0.0,0.0,0.0,0.0,0.0,0.0,0.0,0.0,0.0,0.0,0.0,2.0,0.0,1.0,5.0,1.0,16.0,13.0,25.0,47.0,50.0,64.0,96.0,7240,20.0,0.0,7880.0,56.0,24.0,1015.0,-235.0
2020-04-01 00:00:00,2020-04-01,8251,4910,1043,1998,54,146,52,48,,808,43,187,726.0,230.0,4957.0,59457,20275.0,46249.0,,532.0,55.0,49.0,116.0,89.0,470.0,355.0,677.0,543.0,879.0,641.0,840.0,636.0,569.0,564.0,378.0,455.0,554.0,381.0,0.61,0.49,0.19,0.29,0.33,0.24,4538.0,3713.0,95,52,38,0,2,0,0,,16.0,10.0,17.0,0.0,0.0,0.0,0.0,0.0,0.0,0.0,0.0,0.0,0.0,0.0,0.0,0.0,2.0,0.0,1.0,6.0,1.0,16.0,14.0,27.0,58.0,62.0,76.0,111.0,8021,27.0,0.0,7371.0,99.0,42.0,781.0,347.0
2020-04-02 00:00:00,2020-04-02,9034,5338,1161,2207,59,164,57,48,,783,68,209,1042.0,240.0,4958.0,66895,21798.0,52903.0,,550.0,63.0,52.0,122.0,97.0,506.0,390.0,735.0,593.0,970.0,681.0,929.0,701.0,622.0,605.0,402.0,490.0,641.0,435.0,0.6,0.49,0.19,0.28,0.33,0.25,4990.0,4044.0,107,55,44,0,3,0,0,,,,,,,,,,0.0,0.0,0.0,0.0,0.0,0.0,0.0,0.0,2.0,0.0,2.0,6.0,2.0,16.0,15.0,30.0,63.0,73.0,84.0,125.0,8757,22.0,25.0,7438.0,316.0,10.0,736.0,1.0
2020-04-03 00:00:00,2020-04-03,9886,5899,1286,2347,62,179,63,50,,852,68,246,1058.0,245.0,5392.0,74377,22556.0,59099.0,,576.0,65.0,68.0,132.0,104.0,580.0,425.0,825.0,648.0,1093.0,734.0,1025.0,761.0,679.0,646.0,420.0,525.0,690.0,466.0,0.6,0.48,0.18,0.29,0.33,0.25,5509.0,4377.0,130,61,51,1,3,0,0,,,,,,,,,,0.0,0.0,0.0,0.0,0.0,0.0,0.0,0.0,2.0,0.0,2.0,7.0,3.0,18.0,23.0,35.0,73.0,83.0,103.0,143.0,9572,37.0,0.0,7482.0,16.0,5.0,815.0,434.0
2020-04-04 00:00:00,2020-04-04,10524,6280,1372,2513,63,182,63,51,,638,75,266,1075.0,251.0,5518.0,81087,22858.0,65045.0,,603.0,74.0,76.0,137.0,115.0,632.0,450.0,877.0,690.0,1157.0,771.0,1095.0,813.0,723.0,673.0,450.0,549.0,747.0,495.0,0.6,0.47,0.18,0.28,0.32,0.25,5892.0,4632.0,141,66,54,0,5,0,0,,,,,,,,,,0.0,0.0,0.0,0.0,0.0,0.0,0.0,0.0,3.0,1.0,2.0,6.0,4.0,20.0,22.0,38.0,86.0,84.0,117.0,149.0,10183,20.0,7.0,6710.0,17.0,6.0,611.0,126.0
2020-04-05 00:00:00,2020-04-05,11278,6530,1442,2904,82,201,67,52,,754,75,295,1084.0,267.0,4962.0,86370,23209.0,70130.0,,619.0,81.0,81.0,153.0,123.0,692.0,487.0,933.0,738.0,1232.0,826.0,1170.0,863.0,777.0,714.0,479.0,580.0,817.0,532.0,0.6,0.46,0.17,0.29,0.32,0.25,6334.0,4944.0,158,72,58,0,7,0,0,,,,,,,,,,0.0,0.0,0.0,0.0,0.0,0.0,0.0,0.0,3.0,1.0,2.0,6.0,6.0,21.0,24.0,42.0,92.0,98.0,127.0,168.0,10908,29.0,0.0,5283.0,9.0,16.0,725.0,-556.0
2020-04-06 00:00:00,2020-04-06,11730,6706,1521,3070,84,229,68,52,,452,140,311,1099.0,270.0,4500.0,91794,23470.0,75564.0,,623.0,87.0,87.0,155.0,130.0,708.0,507.0,963.0,768.0,1269.0,860.0,1217.0,883.0,802.0,733.0,503.0,599.0,897.0,562.0,0.6,0.46,0.17,0.28,0.32,0.24,6601.0,5129.0,168,76,60,0,7,0,0,,,,,,,,,,0.0,0.0,0.0,0.0,0.0,0.0,0.0,0.0,3.0,1.0,2.0,6.0,7.0,22.0,26.0,45.0,99.0,100.0,137.0,174.0,11279,16.0,65.0,5424.0,15.0,3.0,371.0,-462.0
2020-04-07 00:00:00,2020-04-07,12442,7052,1766,3185,85,234,68,52,,712,184,345,1180.0,271.0,4442.0,99730,25070.0,82846.0,,637.0,87.0,92.0,166.0,140.0,756.0,538.0,1021.0,797.0,1338.0,901.0,1296.0,920.0,845.0,769.0,530.0,629.0,1012.0,605.0,0.59,0.46,0.17,0.28,0.31,0.24,7051.0,5391.0,186,88,64,0,7,0,0,,,,,,,,,,0.0,0.0,0.0,0.0,0.0,0.0,0.0,0.0,3.0,1.0,2.0,7.0,10.0,25.0,28.0,50.0,114.0,105.0,157.0,188.0,11913,34.0,44.0,7936.0,81.0,1.0,634.0,-58.0
2020-04-08 00:00:00,2020-04-08,13141,7386,1865,3424,93,251,70,52,,699,196,380,1211.0,245.0,5903.0,104886,24481.0,85842.0,,637.0,95.0,97.0,175.0,148.0,796.0,567.0,1093.0,831.0,1423.0,957.0,1386.0,966.0,896.0,814.0,568.0,658.0,1052.0,619.0,0.59,0.46,0.17,0.28,0.31,0.24,7484.0,5657.0,208,96,68,0,8,0,0,,,,,,,,,,0.0,0.0,0.0,0.0,0.0,0.0,0.0,0.0,3.0,1.0,2.0,8.0,12.0,26.0,34.0,53.0,125.0,116.0,176.0,204.0,12565,35.0,12.0,5156.0,31.0,-26.0,652.0,1461.0
2020-04-09 00:00:00,2020-04-09,13956,8102,1905,3451,94,260,91,53,,815,205,409,1173.0,241.0,3801.0,115158,24708.0,97401.0,,642.0,101.0,105.0,190.0,161.0,846.0,598.0,1141.0,872.0,1483.0,1000.0,1452.0,1005.0,938.0,842.0,608.0,676.0,1235.0,703.0,0.58,0.45,0.17,0.28,0.31,0.23,7994.0,5962.0,224,104,72,0,8,1,0,,,,,,,,,,0.0,0.0,0.0,0.0,0.0,0.0,0.0,0.0,3.0,1.0,2.0,8.0,12.0,30.0,34.0,54.0,139.0,126.0,190.0,219.0,13342,29.0,9.0,10272.0,-38.0,-4.0,777.0,-2102.0
2020-04-10 00:00:00,2020-04-10,15472,8897,2197,3821,125,279,94,59,,1516,233,435,1179.0,226.0,4509.0,123564,25914.0,103583.0,,660.0,119.0,126.0,214.0,186.0,959.0,649.0,1261.0,954.0,1641.0,1094.0,1619.0,1093.0,1035.0,924.0,682.0,724.0,1415.0,777.0,0.57,0.43,0.17,0.27,0.3,0.23,8945.0,6527.0,240,107,78,0,8,2,0,,,,,,,,,,0.0,0.0,0.0,0.0,0.0,0.0,0.0,0.0,3.0,1.0,2.0,10.0,12.0,31.0,35.0,57.0,151.0,133.0,203.0,232.0,14804,26.0,28.0,8406.0,6.0,-15.0,1462.0,708.0
2020-04-11 00:00:00,2020-04-11,15987,9264,2327,3834,130,279,94,59,,515,266,470,1175.0,233.0,3961.0,130300,25432.0,110352.0,,660.0,132.0,133.0,224.0,191.0,982.0,657.0,1290.0,966.0,1701.0,1116.0,1665.0,1127.0,1065.0,945.0,714.0,746.0,1517.0,816.0,0.56,0.42,0.17,0.26,0.29,0.23,9290.0,6697.0,258,113,87,0,9,3,0,,,,,,,,,,0.0,0.0,0.0,0.0,0.0,0.0,0.0,0.0,3.0,1.0,3.0,13.0,13.0,35.0,38.0,62.0,161.0,141.0,218.0,252.0,15251,35.0,33.0,6736.0,-4.0,7.0,447.0,-548.0
2020-04-12 00:00:00,2020-04-12,16585,9747,2426,3841,139,279,94,59,,598,277,504,1177.0,228.0,3611.0,136243,25041.0,116047.0,,697.0,147.0,136.0,229.0,201.0,1030.0,681.0,1329.0,995.0,1752.0,1143.0,1728.0,1163.0,1101.0,972.0,750.0,767.0,1616.0,845.0,0.56,0.42,0.17,0.26,0.29,0.23,9682.0,6903.0,280,120,91,0,9,4,0,,,,,,,,,,0.0,0.0,0.0,0.0,0.0,0.0,0.0,0.0,4.0,1.0,3.0,13.0,13.0,35.0,40.0,68.0,180.0,147.0,240.0,264.0,15804,34.0,11.0,5943.0,2.0,-5.0,553.0,-350.0
2020-04-13 00:00:00,2020-04-13,16934,9984,2477,3896,140,284,94,59,,349,277,535,1187.0,188.0,3264.0,139184,26989.0,118986.0,,707.0,147.0,137.0,229.0,206.0,1059.0,704.0,1362.0,1010.0,1773.0,1159.0,1762.0,1180.0,1120.0,986.0,781.0,784.0,1676.0,859.0,0.55,0.41,0.16,0.26,0.29,0.23,9909.0,7025.0,303,123,96,0,9,4,0,,,,,,,,,,0.0,0.0,0.0,0.0,0.0,0.0,0.0,0.0,5.0,1.0,4.0,13.0,16.0,37.0,43.0,68.0,194.0,154.0,262.0,273.0,16122,31.0,0.0,2941.0,10.0,-40.0,318.0,-347.0
2020-04-14 00:00:00,2020-04-14,17448,10302,2549,3994,155,289,100,59,,514,347,567,1227.0,218.0,2474.0,142514,23265.0,122592.0,,707.0,147.0,143.0,241.0,210.0,1094.0,726.0,1397.0,1025.0,1829.0,1176.0,1817.0,1211.0,1173.0,995.0,824.0,802.0,1754.0,884.0,0.54,0.41,0.16,0.26,0.28,0.23,10276.0,7172.0,321,131,102,0,9,4,0,,,,,,,,,,0.0,0.0,0.0,0.0,0.0,0.0,0.0,0.0,5.0,2.0,5.0,13.0,17.0,39.0,45.0,71.0,208.0,162.0,280.0,287.0,16534,32.0,70.0,3330.0,40.0,30.0,412.0,-790.0
2020-04-15 00:00:00,2020-04-15,18091,10751,2629,4102,155,295,100,59,,643,383,599,1200.0,208.0,4060.0,150804,26144.0,128653.0,,723.0,153.0,151.0,250.0,220.0,1144.0,754.0,1457.0,1049.0,1903.0,1221.0,1890.0,1243.0,1212.0,1030.0,840.0,833.0,1821.0,920.0,0.54,0.4,0.16,0.25,0.28,0.23,10670.0,7421.0,339,136,111,0,9,4,0,,,,,,,,,,0.0,0.0,0.0,0.0,0.0,0.0,0.0,0.0,5.0,2.0,5.0,13.0,19.0,39.0,49.0,76.0,218.0,173.0,296.0,303.0,17109,32.0,36.0,8290.0,-27.0,-10.0,575.0,1586.0
2020-04-16 00:00:00,2020-04-16,18841,11237,2756,4237,156,300,102,53,,750,493,629,1302.0,229.0,3910.0,154727,26065.0,131976.0,,729.0,164.0,157.0,259.0,226.0,1205.0,789.0,1530.0,1094.0,1982.0,1285.0,1977.0,1302.0,1251.0,1068.0,867.0,848.0,1887.0,950.0,0.56,0.41,0.17,0.25,0.29,0.24,11122.0,7719.0,355,146,115,0,9,4,0,,,,,,,,,,0.0,0.0,0.0,0.0,0.0,0.0,0.0,0.0,5.0,3.0,5.0,13.0,19.0,40.0,52.0,79.0,230.0,183.0,311.0,318.0,17719,30.0,110.0,3923.0,102.0,21.0,610.0,-150.0
2020-04-17 00:00:00,2020-04-17,19022,11324,2778,4302,158,305,102,53,,181,519,657,1284.0,222.0,4805.0,158940,25456.0,135113.0,,731.0,165.0,157.0,261.0,226.0,1217.0,796.0,1543.0,1106.0,1997.0,1299.0,1996.0,1310.0,1264.0,1077.0,880.0,851.0,1917.0,960.0,0.53,0.38,0.16,0.25,0.27,0.21,11240.0,7782.0,377,148,119,0,9,4,0,,,,,,,,,,0.0,0.0,0.0,0.0,0.0,0.0,0.0,0.0,5.0,3.0,5.0,13.0,19.0,42.0,54.0,83.0,240.0,193.0,323.0,334.0,17846,28.0,26.0,4213.0,-18.0,-7.0,127.0,895.0
2020-04-18 00:00:00,2020-04-18,19685,11762,2863,4438,158,306,104,54,,663,610,687,1253.0,228.0,5166.0,162711,25456.0,137860.0,,735.0,171.0,157.0,277.0,231.0,1269.0,828.0,1601.0,1150.0,2056.0,1332.0,2073.0,1349.0,1300.0,1107.0,909.0,876.0,1999.0,1000.0,0.53,0.38,0.16,0.25,0.27,0.21,11655.0,8030.0,393,157,124,0,9,4,0,,,,,,,,,,0.0,0.0,0.0,0.0,0.0,0.0,0.0,0.0,5.0,3.0,5.0,14.0,21.0,43.0,58.0,87.0,250.0,201.0,339.0,348.0,18388,30.0,91.0,3771.0,-31.0,6.0,542.0,361.0
2020-04-19 00:00:00,2020-04-19,20206,12148,2923,4500,158,310,106,61,,521,610,714,1243.0,224.0,4959.0,187604,27947.0,162439.0,,735.0,181.0,164.0,290.0,246.0,1293.0,856.0,1650.0,1181.0,2112.0,1361.0,2133.0,1377.0,1321.0,1123.0,935.0,891.0,2062.0,1030.0,0.52,0.38,0.16,0.25,0.27,0.21,11977.0,8229.0,409,164,126,0,10,5,0,,,,,,,,,,0.0,0.0,0.0,0.0,0.0,0.0,0.0,0.0,5.0,3.0,5.0,15.0,22.0,43.0,63.0,88.0,261.0,209.0,356.0,358.0,18882,27.0,0.0,24893.0,-10.0,-4.0,494.0,-207.0
2020-04-20 00:00:00,2020-04-20,20863,12543,2952,4709,161,311,107,80,,657,610,735,1208.0,215.0,4739.0,198353,30805.0,172751.0,,735.0,189.0,170.0,319.0,262.0,1367.0,933.0,1694.0,1237.0,2181.0,1417.0,2191.0,1391.0,1332.0,1171.0,972.0,905.0,2091.0,1041.0,0.52,0.38,0.16,0.24,0.27,0.2,12336.0,8527.0,424,164,130,0,11,6,0,,,,,,,,,,0.0,0.0,0.0,0.0,0.0,0.0,0.0,0.0,5.0,3.0,5.0,15.0,22.0,43.0,66.0,89.0,269.0,218.0,367.0,368.0,19518,21.0,0.0,10749.0,-35.0,-9.0,636.0,-220.0
2020-04-21 00:00:00,2020-04-21,21379,12806,2999,4896,173,313,107,85,,516,917,762,1172.0,213.0,5009.0,202769,30646.0,176381.0,,735.0,189.0,170.0,321.0,266.0,1390.0,988.0,1713.0,1271.0,2202.0,1418.0,2231.0,1439.0,1384.0,1173.0,978.0,927.0,2222.0,1097.0,0.52,0.37,0.15,0.25,0.27,0.2,12630.0,8749.0,441,171,133,0,11,6,0,,,,,,,,,,0.0,0.0,0.0,0.0,0.0,0.0,0.0,0.0,5.0,4.0,5.0,15.0,22.0,45.0,68.0,91.0,282.0,225.0,382.0,380.0,19700,27.0,307.0,4416.0,-36.0,-2.0,182.0,270.0
2020-04-22 00:00:00,2020-04-22,21982,13150,3053,5093,176,316,109,85,,603,1143,785,1146.0,207.0,3219.0,210302,30646.0,185101.0,,735.0,189.0,171.0,353.0,295.0,1437.0,1022.0,1777.0,1296.0,2302.0,1439.0,2303.0,1466.0,1401.0,1220.0,1025.0,936.0,2242.0,1108.0,0.52,0.37,0.15,0.25,0.27,0.2,13029.0,8953.0,454,175,138,1,11,6,0,,,,,,,,,,0.0,0.0,0.0,0.0,0.0,0.0,0.0,0.0,5.0,4.0,5.0,15.0,22.0,45.0,68.0,93.0,295.0,233.0,395.0,390.0,20054,23.0,226.0,7533.0,-26.0,-6.0,354.0,-1790.0
2020-04-23 00:00:00,2020-04-23,22353,13382,3084,5194,181,318,109,85,,371,1201,820,1095.0,204.0,4048.0,219848,30342.0,193447.0,,741.0,189.0,171.0,362.0,297.0,1473.0,1058.0,1809.0,1321.0,2317.0,1468.0,2328.0,1490.0,1421.0,1236.0,1036.0,963.0,2279.0,1135.0,0.51,0.36,0.14,0.24,0.27,0.2,13214.0,9139.0,475,179,146,1,11,8,0,,,,,,,,,,0.0,0.0,0.0,0.0,0.0,0.0,0.0,0.0,5.0,4.0,5.0,16.0,23.0,48.0,70.0,98.0,311.0,240.0,414.0,406.0,20332,35.0,58.0,9546.0,-51.0,-3.0,278.0,829.0
2020-04-24 00:00:00,2020-04-24,22797,13707,3116,5277,183,320,109,85,,444,1228,854,1068.0,188.0,4377.0,227393,29621.0,200219.0,,741.0,189.0,171.0,372.0,299.0,1511.0,1097.0,1842.0,1347.0,2332.0,1498.0,2363.0,1517.0,1450.0,1273.0,1057.0,990.0,2322.0,1167.0,0.5,0.36,0.14,0.24,0.26,0.2,13438.0,9359.0,491,183,160,1,11,8,0,,,,,,,,,,0.0,0.0,0.0,0.0,0.0,0.0,0.0,0.0,5.0,4.0,5.0,17.0,24.0,51.0,71.0,103.0,323.0,251.0,428.0,426.0,20715,34.0,27.0,7545.0,-27.0,-16.0,383.0,329.0
2020-04-25 00:00:00,2020-04-25,23271,13951,3183,5435,185,320,111,86,,474,1277,880,1040.0,186.0,4783.0,231616,29932.0,203562.0,,741.0,191.0,177.0,382.0,301.0,1535.0,1109.0,1880.0,1387.0,2391.0,1536.0,2418.0,1540.0,1481.0,1288.0,1073.0,1000.0,2389.0,1193.0,0.5,0.36,0.14,0.24,0.26,0.2,13740.0,9531.0,502,188,170,1,11,8,0,,,,,,,,,,0.0,0.0,0.0,0.0,0.0,0.0,0.0,0.0,5.0,5.0,6.0,18.0,25.0,52.0,71.0,107.0,332.0,259.0,439.0,441.0,21114,26.0,49.0,4223.0,-28.0,-2.0,399.0,406.0
2020-04-26 00:00:00,2020-04-26,23683,14205,3232,5531,187,322,120,86,,412,1329,903,1005.0,182.0,4673.0,236229,30453.0,207873.0,,751.0,195.0,183.0,391.0,309.0,1567.0,1126.0,1915.0,1399.0,2436.0,1551.0,2450.0,1555.0,1498.0,1300.0,1100.0,1014.0,2475.0,1219.0,0.5,0.36,0.15,0.23,0.26,0.2,14027.0,9656.0,519,188,175,1,12,8,0,,,,,,,,,,0.0,0.0,0.0,0.0,0.0,0.0,0.0,0.0,5.0,5.0,6.0,18.0,26.0,52.0,73.0,109.0,345.0,264.0,455.0,448.0,21451,23.0,52.0,4613.0,-35.0,-4.0,337.0,-110.0
2020-04-27 00:00:00,2020-04-27,23846,14315,3252,5556,189,328,120,86,,163,1357,928,995.0,176.0,5091.0,237390,30703.0,208453.0,,751.0,196.0,184.0,395.0,313.0,1574.0,1132.0,1924.0,1405.0,2451.0,1561.0,2460.0,1571.0,1514.0,1305.0,1109.0,1018.0,2504.0,1230.0,0.5,0.36,0.15,0.23,0.26,0.19,14127.0,9719.0,536,191,179,1,12,9,0,,,,,,,,,,0.0,0.0,0.0,0.0,0.0,0.0,0.0,0.0,5.0,5.0,6.0,20.0,28.0,52.0,73.0,111.0,356.0,272.0,468.0,460.0,21561,25.0,28.0,1161.0,-10.0,-6.0,110.0,418.0
2020-04-28 00:00:00,2020-04-28,24141,14521,3289,5593,201,330,121,86,,295,1389,948,936.0,172.0,3563.0,238884,29559.0,211180.0,,751.0,205.0,189.0,399.0,314.0,1594.0,1149.0,1938.0,1419.0,2481.0,1586.0,2481.0,1581.0,1540.0,1316.0,1129.0,1032.0,2531.0,1257.0,0.5,0.36,0.15,0.23,0.25,0.19,14298.0,9843.0,546,194,185,1,12,10,0,,,,,,,,,,0.0,0.0,0.0,0.0,0.0,0.0,0.0,0.0,5.0,5.0,7.0,20.0,30.0,53.0,75.0,112.0,362.0,279.0,479.0,469.0,21804,20.0,32.0,1494.0,-59.0,-4.0,243.0,-1528.0
2020-04-29 00:00:00,2020-04-29,24324,14534,3340,5695,214,330,125,86,,183,1470,973,980.0,169.0,3825.0,243474,29568.0,215325.0,,751.0,207.0,189.0,403.0,316.0,1604.0,1153.0,1950.0,1437.0,2499.0,1596.0,2499.0,1599.0,1552.0,1322.0,1139.0,1037.0,2555.0,1267.0,0.48,0.35,0.13,0.21,0.22,0.17,14408.0,9916.0,556,196,195,1,13,12,0,,,,,,,,,,0.0,0.0,0.0,0.0,0.0,0.0,0.0,0.0,5.0,5.0,7.0,21.0,31.0,55.0,78.0,113.0,375.0,283.0,496.0,477.0,21881,25.0,81.0,4590.0,44.0,-3.0,77.0,262.0
2020-04-30 00:00:00,2020-04-30,24692,14726,3389,5815,218,331,127,86,,368,1519,989,968.0,172.0,3794.0,247343,29467.0,218857.0,,751.0,208.0,189.0,410.0,328.0,1639.0,1194.0,1982.0,1466.0,2527.0,1616.0,2558.0,1620.0,1553.0,1322.0,1143.0,1047.0,2618.0,1272.0,0.5,0.36,0.15,0.23,0.25,0.19,14638.0,10054.0,566,198,199,1,13,12,0,,,,,,,,,,0.0,0.0,0.0,0.0,0.0,0.0,0.0,0.0,5.0,5.0,8.0,21.0,31.0,56.0,81.0,114.0,380.0,288.0,505.0,484.0,22184,16.0,49.0,3869.0,-12.0,3.0,303.0,-31.0
2020-05-01 00:00:00,2020-05-01,24987,14867,3419,5939,218,331,127,86,,295,1647,1007,892.0,154.0,3828.0,250905,29756.0,222090.0,,751.0,208.0,193.0,417.0,334.0,1656.0,1221.0,2016.0,1485.0,2549.0,1647.0,2593.0,1638.0,1560.0,1334.0,1149.0,1051.0,2656.0,1280.0,0.44,0.34,0.15,0.2,0.25,0.18,14804.0,10183.0,578,201,202,1,13,12,0,,,,,,,,,,0.0,0.0,0.0,0.0,0.0,0.0,0.0,0.0,5.0,5.0,9.0,22.0,32.0,56.0,81.0,116.0,387.0,294.0,514.0,493.0,22333,18.0,128.0,3562.0,-76.0,-18.0,149.0,34.0
2020-05-02 00:00:00,2020-05-02,25190,14951,3426,6047,218,331,131,86,,203,1671,1023,855.0,150.0,3761.0,252728,27895.0,223777.0,,751.0,212.0,199.0,418.0,337.0,1675.0,1245.0,2040.0,1497.0,2568.0,1654.0,2599.0,1670.0,1567.0,1342.0,1155.0,1052.0,2677.0,1283.0,0.44,0.31,0.13,0.2,0.22,0.16,14911.0,10279.0,585,206,205,1,13,13,0,,,,,,,,,,0.0,0.0,0.0,0.0,0.0,0.0,0.0,0.0,5.0,5.0,9.0,23.0,32.0,57.0,82.0,119.0,392.0,299.0,520.0,503.0,22496,16.0,24.0,1823.0,-37.0,-4.0,163.0,-67.0
2020-05-03 00:00:00,2020-05-03,25282,15021,3447,6047,218,331,132,86,,92,1689,1043,856.0,144.0,3691.0,252889,25324.0,223916.0,,751.0,212.0,199.0,418.0,337.0,1677.0,1245.0,2041.0,1497.0,2569.0,1654.0,2602.0,1670.0,1567.0,1342.0,1155.0,1052.0,2678.0,1286.0,0.44,0.31,0.13,0.2,0.22,0.16,14919.0,10282.0,597,209,210,1,13,13,0,,,,,,,,,,0.0,0.0,0.0,0.0,0.0,0.0,0.0,0.0,5.0,5.0,9.0,23.0,33.0,58.0,84.0,123.0,396.0,307.0,527.0,516.0,22550,20.0,18.0,161.0,1.0,-6.0,54.0,-70.0
2020-05-04 00:00:00,2020-05-04,25524,15141,3478,6136,218,333,132,86,,242,1712,1063,813.0,143.0,2760.0,254510,25081.0,226226.0,,751.0,217.0,208.0,422.0,348.0,1702.0,1271.0,2067.0,1533.0,2594.0,1667.0,2642.0,1690.0,1581.0,1349.0,1172.0,1061.0,2698.0,1302.0,0.44,0.31,0.13,0.2,0.22,0.16,15095.0,10429.0,609,209,218,1,13,13,0,,,,,,,,,,0.0,0.0,0.0,0.0,0.0,0.0,0.0,0.0,5.0,5.0,9.0,23.0,33.0,59.0,89.0,126.0,402.0,312.0,538.0,525.0,22749,20.0,23.0,1621.0,-43.0,-1.0,199.0,-931.0
2020-05-05 00:00:00,2020-05-05,25702,15199,3489,6241,220,335,132,86,,178,1743,1074,818.0,134.0,2671.0,258488,25066.0,230115.0,,751.0,221.0,215.0,423.0,351.0,1706.0,1288.0,2077.0,1538.0,2608.0,1668.0,2650.0,1693.0,1598.0,1357.0,1196.0,1068.0,2729.0,1316.0,0.43,0.31,0.13,0.2,0.22,0.16,15208.0,10494.0,613,211,223,1,13,13,0,,,,,,,,,,0.0,0.0,0.0,0.0,0.0,1.0,0.0,0.0,5.0,5.0,9.0,24.0,34.0,59.0,89.0,127.0,408.0,313.0,545.0,529.0,22885,11.0,31.0,3978.0,5.0,-9.0,136.0,-89.0
2020-05-06 00:00:00,2020-05-06,26182,15256,3505,6641,220,342,132,86,,480,2076,1089,838.0,136.0,2492.0,262041,24579.0,233367.0,,751.0,223.0,216.0,423.0,359.0,1756.0,1338.0,2128.0,1583.0,2668.0,1720.0,2701.0,1730.0,1616.0,1372.0,1202.0,1073.0,2754.0,1320.0,0.43,0.3,0.12,0.2,0.22,0.16,15471.0,10711.0,623,213,226,1,13,13,0,,,,,,,,,,0.0,0.0,0.0,0.0,0.0,1.0,0.0,0.0,5.0,5.0,9.0,24.0,34.0,61.0,90.0,128.0,417.0,315.0,555.0,534.0,23017,15.0,333.0,3553.0,20.0,2.0,132.0,-179.0
2020-05-07 00:00:00,2020-05-07,26715,15450,3545,6935,220,343,132,90,,533,2258,1105,874.0,135.0,2666.0,265572,27318.0,236191.0,,751.0,231.0,223.0,431.0,373.0,1796.0,1397.0,2191.0,1626.0,2736.0,1757.0,2746.0,1769.0,1638.0,1396.0,1210.0,1079.0,2789.0,1327.0,0.43,0.3,0.12,0.2,0.22,0.16,15768.0,10947.0,634,213,230,1,13,14,0,,,,,,,,,,0.0,0.0,0.0,0.0,0.0,1.0,0.0,0.0,5.0,5.0,9.0,24.0,34.0,61.0,91.0,132.0,423.0,320.0,562.0,543.0,23352,16.0,182.0,3531.0,36.0,-1.0,335.0,174.0
2020-05-08 00:00:00,2020-05-08,27268,15809,3564,7093,232,345,135,90,,553,2422,1114,842.0,127.0,2984.0,269266,26829.0,239014.0,,770.0,235.0,229.0,438.0,381.0,1831.0,1439.0,2264.0,1668.0,2791.0,1807.0,2804.0,1801.0,1668.0,1429.0,1228.0,1090.0,2828.0,1337.0,0.42,0.3,0.12,0.2,0.21,0.16,16087.0,11181.0,639,214,233,1,13,14,0,,,,,,,,,,0.0,0.0,0.0,0.0,0.0,1.0,0.0,0.0,5.0,5.0,9.0,24.0,34.0,61.0,93.0,133.0,428.0,321.0,569.0,545.0,23732,9.0,164.0,3694.0,-32.0,-8.0,380.0,318.0
2020-05-09 00:00:00,2020-05-09,27406,15854,3581,7166,235,345,135,90,,138,2499,1126,815.0,120.0,2955.0,272443,26667.0,242082.0,,770.0,235.0,230.0,445.0,386.0,1839.0,1443.0,2273.0,1679.0,2798.0,1816.0,2815.0,1806.0,1683.0,1434.0,1244.0,1095.0,2843.0,1342.0,0.42,0.3,0.12,0.2,0.21,0.16,16175.0,11231.0,645,215,238,1,13,14,0,,,,,,,,,,0.0,0.0,0.0,0.0,0.0,1.0,0.0,0.0,6.0,5.0,9.0,27.0,34.0,63.0,93.0,133.0,432.0,323.0,574.0,552.0,23781,12.0,77.0,3177.0,-27.0,-7.0,49.0,-29.0
2020-05-10 00:00:00,2020-05-10,27581,15952,3581,7242,235,346,135,90,,175,2549,1135,797.0,112.0,2754.0,274536,26344.0,244201.0,,770.0,235.0,233.0,452.0,390.0,1848.0,1467.0,2288.0,1695.0,2809.0,1831.0,2830.0,1827.0,1687.0,1447.0,1251.0,1102.0,2845.0,1344.0,0.42,0.3,0.12,0.2,0.21,0.16,16245.0,11336.0,648,216,243,1,13,14,0,,,,,,,,,,0.0,0.0,0.0,0.0,0.0,1.0,0.0,0.0,6.0,5.0,9.0,27.0,34.0,63.0,94.0,133.0,439.0,324.0,582.0,553.0,23897,9.0,50.0,2093.0,-18.0,-8.0,116.0,-201.0
2020-05-11 00:00:00,2020-05-11,27679,16008,3545,7316,237,348,135,90,,98,2549,1144,805.0,112.0,2642.0,276153,28307.0,245832.0,,770.0,236.0,237.0,455.0,394.0,1860.0,1474.0,2289.0,1700.0,2810.0,1839.0,2838.0,1835.0,1694.0,1448.0,1253.0,1105.0,2863.0,1349.0,0.42,0.3,0.12,0.2,0.21,0.15,16298.0,11381.0,651,216,248,1,14,14,0,,,,,,,,,,0.0,0.0,0.0,0.0,0.0,1.0,0.0,0.0,6.0,5.0,9.0,27.0,35.0,64.0,94.0,134.0,443.0,326.0,587.0,557.0,23986,9.0,0.0,1617.0,8.0,0.0,89.0,-112.0
2020-05-12 00:00:00,2020-05-12,27913,16053,3553,7494,238,350,135,90,,234,3013,1163,709.0,113.0,2719.0,279933,27054.0,249301.0,,770.0,236.0,242.0,463.0,401.0,1883.0,1489.0,2310.0,1717.0,2828.0,1865.0,2853.0,1857.0,1704.0,1455.0,1258.0,1107.0,2881.0,1364.0,0.42,0.3,0.12,0.2,0.21,0.15,16416.0,11497.0,660,219,254,1,14,15,0,,,,,,,,,,0.0,0.0,0.0,0.0,0.0,1.0,0.0,0.0,6.0,6.0,10.0,28.0,35.0,66.0,95.0,136.0,448.0,332.0,594.0,569.0,23737,19.0,464.0,3780.0,-96.0,1.0,-249.0,77.0
2020-05-13 00:00:00,2020-05-13,28132,16112,3559,7647,238,351,135,90,,219,3182,1175,692.0,103.0,2686.0,282961,26278.0,252143.0,,770.0,239.0,245.0,466.0,406.0,1910.0,1501.0,2331.0,1741.0,2841.0,1887.0,2870.0,1876.0,1704.0,1463.0,1271.0,1111.0,2892.0,1378.0,0.42,0.3,0.12,0.2,0.21,0.15,16524.0,11608.0,667,221,257,1,14,15,0,,,,,,,,,,0.0,0.0,0.0,0.0,0.0,1.0,0.0,0.0,6.0,6.0,10.0,28.0,37.0,67.0,96.0,136.0,453.0,335.0,602.0,573.0,23775,12.0,169.0,3028.0,-17.0,-10.0,38.0,-33.0
2020-05-14 00:00:00,2020-05-14,28319,16166,3569,7767,238,354,135,90,,187,3198,1184,680.0,108.0,2676.0,286285,26082.0,255290.0,,770.0,245.0,246.0,469.0,411.0,1931.0,1519.0,2348.0,1753.0,2853.0,1905.0,2897.0,1895.0,1706.0,1469.0,1272.0,1116.0,2901.0,1383.0,0.42,0.3,0.12,0.2,0.21,0.15,16622.0,11697.0,674,221,259,1,14,15,0,,,,,,,,,,0.0,0.0,0.0,0.0,0.0,1.0,0.0,0.0,6.0,7.0,11.0,28.0,37.0,67.0,99.0,136.0,455.0,337.0,608.0,576.0,23937,9.0,16.0,3324.0,-12.0,5.0,162.0,-10.0
2020-05-15 00:00:00,2020-05-15,28583,16214,3598,7951,240,355,135,90,,264,3328,1190,673.0,112.0,2722.0,289309,25792.0,258004.0,,770.0,248.0,251.0,475.0,418.0,1962.0,1547.0,2376.0,1781.0,2870.0,1926.0,2910.0,1914.0,1714.0,1481.0,1277.0,1125.0,2914.0,1394.0,0.41,0.3,0.12,0.2,0.21,0.15,16746.0,11837.0,677,221,262,1,14,15,0,,,,,,,,,,0.0,0.0,0.0,0.0,0.0,1.0,0.0,0.0,6.0,7.0,12.0,28.0,38.0,67.0,99.0,136.0,459.0,337.0,614.0,576.0,24065,6.0,130.0,3024.0,-7.0,4.0,128.0,46.0
2020-05-16 00:00:00,2020-05-16,28810,16282,3609,8097,241,356,135,90,,227,3822,1203,657.0,115.0,2940.0,292249,25419.0,260499.0,,770.0,253.0,259.0,484.0,421.0,1986.0,1565.0,2393.0,1796.0,2887.0,1941.0,2932.0,1931.0,1726.0,1494.0,1281.0,1127.0,2928.0,1406.0,0.41,0.3,0.12,0.2,0.21,0.15,16870.0,11940.0,684,221,267,1,15,15,0,,,,,,,,,,0.0,0.0,0.0,0.0,0.0,1.0,0.0,0.0,6.0,7.0,12.0,28.0,38.0,69.0,99.0,136.0,463.0,344.0,618.0,585.0,23785,13.0,494.0,2940.0,-16.0,3.0,-280.0,218.0
2020-05-17 00:00:00,2020-05-17,29036,16352,3626,8235,242,356,135,90,,226,4636,1218,649.0,108.0,2704.0,294009,25640.0,262269.0,,770.0,255.0,263.0,490.0,426.0,2009.0,1582.0,2416.0,1808.0,2917.0,1959.0,2965.0,1948.0,1734.0,1500.0,1285.0,1132.0,2940.0,1407.0,0.41,0.29,0.12,0.2,0.21,0.15,17011.0,12025.0,693,221,273,1,15,15,0,,,,,,,,,,0.0,0.0,0.0,0.0,0.0,1.0,0.0,0.0,6.0,7.0,12.0,28.0,38.0,72.0,100.0,139.0,468.0,347.0,624.0,594.0,23182,15.0,814.0,1760.0,-8.0,-7.0,-603.0,-236.0
2020-05-18 00:00:00,2020-05-18,29209,16396,3628,8361,243,356,135,90,,173,6430,1231,628.0,105.0,2260.0,295449,25360.0,263980.0,,770.0,259.0,269.0,493.0,429.0,2027.0,1600.0,2431.0,1832.0,2930.0,1977.0,2985.0,1957.0,1741.0,1509.0,1287.0,1132.0,2942.0,1409.0,0.41,0.29,0.12,0.2,0.21,0.15,17095.0,12114.0,698,223,279,1,15,15,0,,,,,,,,,,0.0,0.0,0.0,0.0,0.0,1.0,0.0,0.0,6.0,7.0,12.0,28.0,38.0,73.0,102.0,140.0,475.0,349.0,633.0,598.0,21548,13.0,1794.0,1440.0,-21.0,-3.0,-1634.0,-444.0
2020-05-19 00:00:00,2020-05-19,29432,16472,3644,8490,245,356,135,90,,223,6431,1247,629.0,101.0,2349.0,298501,25487.0,266720.0,,770.0,260.0,271.0,497.0,432.0,2044.0,1622.0,2460.0,1853.0,2962.0,1998.0,3001.0,1962.0,1756.0,1515.0,1292.0,1138.0,2956.0,1413.0,0.41,0.29,0.12,0.19,0.21,0.15,17228.0,12204.0,707,227,282,1,15,15,0,,,,,,,,,,0.0,0.0,0.0,0.0,0.0,1.0,0.0,0.0,6.0,7.0,12.0,28.0,38.0,74.0,102.0,141.0,482.0,356.0,640.0,607.0,21754,16.0,1.0,3052.0,1.0,-4.0,206.0,89.0
2020-05-20 00:00:00,2020-05-20,29660,16488,3655,8688,248,356,135,90,,228,6452,1263,609.0,93.0,2405.0,301225,25281.0,269160.0,,770.0,265.0,272.0,507.0,436.0,2068.0,1639.0,2480.0,1884.0,2971.0,2034.0,3014.0,1985.0,1769.0,1526.0,1294.0,1142.0,2959.0,1415.0,0.41,0.29,0.12,0.19,0.21,0.15,17327.0,12333.0,713,230,289,1,15,15,0,,,,,,,,,,0.0,0.0,0.0,0.0,0.0,1.0,0.0,0.0,6.0,7.0,12.0,28.0,38.0,75.0,102.0,144.0,488.0,362.0,646.0,617.0,21945,16.0,21.0,2724.0,-20.0,-8.0,191.0,56.0
2020-05-21 00:00:00,2020-05-21,29912,16540,3662,8878,250,357,135,90,,252,6452,1277,608.0,92.0,2125.0,303811,22741.0,271774.0,,767.0,269.0,278.0,513.0,442.0,2084.0,1668.0,2498.0,1918.0,2999.0,2060.0,3025.0,2005.0,1783.0,1540.0,1298.0,1153.0,2962.0,1417.0,0.4,0.29,0.12,0.19,0.21,0.15,17431.0,12481.0,717,232,297,1,15,15,0,,,,,,,,,,0.0,0.0,0.0,0.0,0.0,1.0,0.0,0.0,6.0,7.0,12.0,28.0,38.0,75.0,102.0,144.0,495.0,369.0,653.0,624.0,22183,14.0,0.0,2586.0,-1.0,-1.0,238.0,-280.0
2020-05-22 00:00:00,2020-05-22,30200,16596,3664,9106,251,358,135,90,,288,7590,1289,576.0,84.0,2257.0,306171,26198.0,273714.0,,767.0,274.0,281.0,524.0,451.0,2113.0,1693.0,2526.0,1951.0,3019.0,2087.0,3044.0,2020.0,1793.0,1554.0,1302.0,1172.0,2971.0,1425.0,0.41,0.29,0.12,0.2,0.21,0.15,17566.0,12634.0,725,233,300,1,15,15,0,,,,,,,,,,0.0,0.0,0.0,0.0,0.0,1.0,0.0,0.0,6.0,9.0,12.0,28.0,39.0,77.0,105.0,146.0,497.0,369.0,659.0,630.0,21321,12.0,1138.0,2360.0,-32.0,-8.0,-862.0,132.0
2020-05-23 00:00:00,2020-05-23,30471,16664,3676,9292,253,361,135,90,,271,7705,1302,550.0,80.0,2308.0,308584,26130.0,275805.0,,767.0,279.0,288.0,529.0,456.0,2146.0,1730.0,2535.0,1980.0,3039.0,2108.0,3064.0,2036.0,1810.0,1566.0,1311.0,1177.0,2989.0,1428.0,0.4,0.29,0.12,0.2,0.21,0.15,17702.0,12769.0,732,230,309,1,15,15,0,,,,,,,,,,0.0,0.0,0.0,0.0,0.0,1.0,0.0,0.0,6.0,9.0,12.0,27.0,40.0,75.0,105.0,147.0,503.0,377.0,666.0,636.0,21464,13.0,115.0,2413.0,-26.0,-4.0,143.0,51.0
2020-05-24 00:00:00,2020-05-24,30623,16678,3683,9423,253,361,135,90,,152,17549,1316,536.0,78.0,2115.0,309966,26328.0,277228.0,,767.0,284.0,295.0,535.0,458.0,2162.0,1745.0,2545.0,2000.0,3042.0,2119.0,3069.0,2054.0,1820.0,1577.0,1312.0,1186.0,2991.0,1429.0,0.4,0.29,0.12,0.19,0.21,0.15,17760.0,12863.0,738,231,316,1,15,15,0,,,,,,,,,,0.0,0.0,0.0,0.0,0.0,1.0,0.0,0.0,6.0,9.0,12.0,27.0,40.0,75.0,105.0,148.0,510.0,383.0,673.0,643.0,11758,14.0,9844.0,1382.0,-14.0,-2.0,-9706.0,-193.0
2020-05-25 00:00:00,2020-05-25,30788,16699,3683,9567,253,361,135,90,,165,17822,1330,531.0,72.0,1899.0,311223,26449.0,278536.0,,767.0,287.0,298.0,540.0,463.0,2178.0,1779.0,2549.0,2023.0,3051.0,2134.0,3084.0,2061.0,1820.0,1589.0,1312.0,1189.0,2992.0,1439.0,0.4,0.29,0.12,0.2,0.21,0.15,17813.0,12975.0,744,233,322,1,15,15,0,,,,,,,,,,0.0,0.0,0.0,0.0,0.0,1.0,0.0,0.0,6.0,9.0,13.0,28.0,42.0,76.0,107.0,151.0,513.0,384.0,681.0,649.0,11636,14.0,273.0,1257.0,-5.0,-6.0,-122.0,-216.0
2020-05-26 00:00:00,2020-05-26,31007,16697,3690,9778,254,363,135,90,,219,18096,1342,513.0,71.0,1815.0,313886,26392.0,281064.0,,767.0,293.0,305.0,549.0,469.0,2201.0,1800.0,2568.0,2037.0,3057.0,2155.0,3093.0,2069.0,1833.0,1607.0,1316.0,1198.0,3012.0,1445.0,0.4,0.29,0.12,0.2,0.21,0.15,17922.0,13085.0,752,234,325,1,15,15,0,,,,,,,,,,0.0,0.0,0.0,0.0,0.0,1.0,0.0,0.0,6.0,9.0,13.0,28.0,43.0,77.0,108.0,153.0,516.0,388.0,686.0,656.0,11569,12.0,274.0,2663.0,-18.0,-1.0,-67.0,-84.0
2020-05-27 00:00:00,2020-05-27,31292,16703,3690,10055,256,363,135,90,,285,18349,1356,510.0,66.0,1886.0,316364,27141.0,283186.0,,767.0,297.0,310.0,559.0,478.0,2221.0,1828.0,2597.0,2082.0,3076.0,2189.0,3112.0,2100.0,1844.0,1619.0,1316.0,1204.0,3014.0,1446.0,0.4,0.29,0.12,0.2,0.21,0.15,18036.0,13256.0,755,235,335,1,15,15,0,,,,,,,,,,0.0,0.0,0.0,0.0,0.0,1.0,0.0,0.0,6.0,9.0,13.0,29.0,43.0,78.0,109.0,156.0,521.0,391.0,692.0,664.0,11587,14.0,253.0,2478.0,-3.0,-5.0,18.0,71.0
2020-05-28 00:00:00,2020-05-28,31596,16718,3710,10320,257,366,135,90,,304,18637,1369,512.0,65.0,1310.0,318810,27563.0,285904.0,,767.0,306.0,320.0,567.0,485.0,2256.0,1858.0,2622.0,2114.0,3102.0,2213.0,3128.0,2125.0,1854.0,1630.0,1321.0,1216.0,3021.0,1458.0,0.4,0.29,0.12,0.2,0.21,0.15,18177.0,13419.0,761,237,340,1,15,15,0,,,,,,,,,,0.0,0.0,0.0,0.0,0.0,1.0,1.0,0.0,6.0,9.0,13.0,29.0,43.0,79.0,110.0,159.0,526.0,393.0,699.0,670.0,11590,13.0,288.0,2446.0,2.0,-1.0,3.0,-576.0
